Group 1,Group 2,H,p-value,q-value
cancer (n=16),healthy (n=16),1.1946022727272805,0.274403185194373,0.274403185194373
