Group 1,Group 2,H,p-value,q-value
female (n=14),male (n=18),0.32467532467531157,0.568811400413345,0.568811400413345
